<?xml version="1.0" encoding="utf-8"?>
<?xml-stylesheet href="style/postview.xsl" type="text/xsl"?>
<post id="20070914041120"><title>千千静听音效包2007 测试版 发布</title><datetime year="2007" month="09" day="14" time="04:11:20"/><author>yyfearth</author><category>千千静听扩展包</category><tag>千千静听</tag><tag>TTPlus</tag><tag>扩展包</tag><tag>音效包</tag><summary><p>
<img src="images/TTPDSP.jpg" alt="TTPDSP"/>
</p>
<p>
终于把千千静听扩展包2007的一个版本做出来了，很累啊！
<br/>
这个版本完全可以在Vista下运行，而且这个安装包就是在Vista下制作的。
</p></summary><content><p>
名称：千千静听音效包 2007<br/>版本：Alpha 测试版 Build 0919大小：4.36 MB<br/>发布日期：2007-9-19<br/><br/><a href="/Down/?TTPlus2007_DSP_Setup.exe" target="_blank">
<img src="images/download.jpg" border="0"/>
</a>
</p>
<p>千千静听扩展包2007 —— 音效插件包 Build 0919</p>
<p>
千千静听以体积小巧、功能强大著称的音频播放器，因此它拥有许多资源，但因精简起见，官方的安装包不可能拥有如此多的资源，故为方便大家使用，特地从网上收集一些资源，做成此安装包，方便大家使用，希望大家支持，谢谢！<br/>　　千千静听扩展包(TTPlus)是一个千千静听的资源插件集合包，收集了网上与其兼容的Winamp音效插件及编/解码插件，并且全全收录论坛上几乎所有的最新的资源。获千千静听官方推荐，是目前针对千千静听最全面最权威也是最方便的资源插件包。<br/>　　本包内所收录的所有插件均为汉化破解版，且大部分针对千千静听重新汉化和界面设计使这些主流插件更贴切播放器本身。<br/>　　其中汉化原版主要是由“烈火”、“汉化新世纪”及“吴昊”汉化和破解，部分由我yyfearth.com本人汉化破解，其中“千千静听专用版”都由本人改造。在改造过程中可能会出现Bug，若发现，请与我联系，我的E-Mail是，yyfearth@163.com(我不常看，不推荐)，也可以到论坛资源区发帖(推荐)，若是我的原因，我将立即修正。<br/>　　本包将在一定程度上保持更新。<br/>　　这是音效插件包，千千静听扩展包2007（TTPlus2007）的一部分，只包含十七款Winamp兼容DSP音效插件。<br/>　　谢谢使用！
</p>
<p>本安装包包含以下内容：</p>
<p>
<a href="/TTPlus/Details.htm#dsp">Winamp兼容DSP音效插件（十七款）</a><br/>　○<a href="/TTPlus/Details.htm#dsp-enhancer">Enhancer 0.17 for 千千静听</a><br/>　○<a href="/TTPlus/Details.htm#dsp-dfx">DFX8 .350 for 千千静听</a><br/>　○<a href="/TTPlus/Details.htm#dsp-octimax">OctiMax 1.51 for 千千静听</a><br/>　○<a href="/TTPlus/Details.htm#dsp-izozone">iZotope Ozone 1.03 for Winamp</a><br/>　○<a href="/TTPlus/Details.htm#dsp-vinyl">iZotope Vinyl 1.0 for Winamp</a><br/>　○<a href="/TTPlus/Details.htm#dsp-dolby">Dolby Prologic Surround Similar 心理学社比环绕</a><br/>　○<a href="/TTPlus/Details.htm#dsp-dee">Dee 2.2 for Winamp</a><br/>　○<a href="/TTPlus/Details.htm#dsp-defx">DeFX-0.97 for 千千静听</a><br/>　○<a href="/TTPlus/Details.htm#dsp-equalizer">Equalizer 250 波段均衡器 1.43 for Winamp</a><br/>　○<a href="/TTPlus/Details.htm#dsp-1by1">1by1 压缩和展宽插件 v1.1 for Winamp</a><br/>　○<a href="/TTPlus/Details.htm#dsp-srswow">Goes 3D (SRS WOW) 2.0r for Winamp</a><br/>　○<a href="/TTPlus/Details.htm#dsp-so3d">Virtual Sound for Winamp</a><br/>　○<a href="/TTPlus/Details.htm#dsp-wa3d">Wave Surround for Winamp</a><br/>　○<a href="/TTPlus/Details.htm#dsp-skywalker">Skywalker for Winamp</a><br/>　○<a href="/TTPlus/Details.htm#dsp-crossfeed">Crossfeed for Winamp</a><br/>　○<a href="/TTPlus/Details.htm#dsp-supereq">Super Equalizerfor Winamp</a><br/>　○<a href="/TTPlus/Details.htm#dsp-sps">Nullsoft信号处理工作室</a>
</p>
<p>
更新说明：<br/>　　千千静听扩展包2007 在原 千千静听扩展包2006 的基础上增加了两个插件 心理学社比环绕 和 Skywalker for Winamp，并且更新了Dfx到8.350完美破解版，更新了Enhancer 0.17 for 千千静听 和 OctiMax 1.51 for 千千静听 的皮肤，使其完全符合 千千静听5.x 的默认皮肤。<br/>这个版本完全可以在Vista下运行，而且这个安装包就是在Vista下制作的。
</p></content></post>
