<?xml version="1.0" encoding="utf-8"?>
<?xml-stylesheet href="style/month.xsl" type="text/xsl"?>
<month year="2007" month="10"><day day="07"><post id="20071007122139"><title>千千静听扩展包 2007 公测版 发布</title><datetime year="2007" month="10" day="07" time="12:21:39"/><author>yyfearth</author><category>千千静听扩展包</category><tag>千千静听</tag><tag>TTPlus</tag><tag>扩展包</tag><summary><p>
<img src="images/TTPlus2007.jpg" alt="TTPlus2007"/>
</p>
<p>
<span style="color:#FF0066">　　经过多次修正，千千静听扩展包2007Beta终于发布了。</span><br/>
　　更新内容，上次都写了。<br/>
<span style="color:#0000FF">　　这个版本完全兼容 Vista 和 千千静听 5.x 版本。</span><br/>
　　这次更新不会带有我自己制作的任何程序，原定要加入的 TTPlus2007主程序 和 千千静听皮肤安装伺候器 软件已经取消，也就是说，这个版本是一个纯的资源包。<br/>
　　发布页已经做出来了（<a href="http://yyfearth.com/TTPlus">http://yyfearth.com/TTPlus</a>），大家进去看看吧，点击里面的“<a href="http://yyfearth.com/TTPlus/Details.htm">详细信息</a>”可以看到扩展包里面的全部内容的简介和说明，而且还有图，可以对这个包进行一次全面的了解。
</p></summary></post></day></month>
