<?xml version="1.0" encoding="utf-8"?>
<?xml-stylesheet href="style/postview.xsl" type="text/xsl"?>
<post id="20071007122139"><title>千千静听扩展包 2007 公测版 发布</title><datetime year="2007" month="10" day="07" time="12:21:39"/><author>yyfearth</author><category>千千静听扩展包</category><tag>千千静听</tag><tag>TTPlus</tag><tag>扩展包</tag><summary><p>
<img src="images/TTPlus2007.jpg" alt="TTPlus2007"/>
</p>
<p>
<span style="color:#FF0066">　　经过多次修正，千千静听扩展包2007Beta终于发布了。</span><br/>
　　更新内容，上次都写了。<br/>
<span style="color:#0000FF">　　这个版本完全兼容 Vista 和 千千静听 5.x 版本。</span><br/>
　　这次更新不会带有我自己制作的任何程序，原定要加入的 TTPlus2007主程序 和 千千静听皮肤安装伺候器 软件已经取消，也就是说，这个版本是一个纯的资源包。<br/>
　　发布页已经做出来了（<a href="http://yyfearth.com/TTPlus">http://yyfearth.com/TTPlus</a>），大家进去看看吧，点击里面的“<a href="http://yyfearth.com/TTPlus/Details.htm">详细信息</a>”可以看到扩展包里面的全部内容的简介和说明，而且还有图，可以对这个包进行一次全面的了解。
</p></summary><content><p>
　　千千静听扩展安装包(TTPlus)是一个千千静听的资源插件集合包，收集了网上与其兼容的Winamp音效插件及编/解码插件，并且全全收录论坛上几乎所有的最新的资源。获千千静听官方推荐，是目前针对千千静听最全面最权威也是最方便的资源插件包。<br/>
　　本包将在一定程度上保持更新。<br/>
　　千千静听扩展包 2007，不分豪华版和精华版，不附带我自己的千千静听增强组件（如：皮肤安装、制作工具），而且等成熟后则改名为 千千静听扩展包 2008，届时将推出 千千静听扩展包 2008 豪华版和精华版，并加入全新的千千静听增强组件（如：千千静听皮肤安装伺候器、千千静听皮肤极速合成器、千千静听皮肤编辑器 等）。<br/> 　　谢谢使用！
</p>
<p>
<ul>
<li>
<a href="Details.htm#dsp">Winamp兼容DSP音效插件（十八款）</a>
<ul>
<li>
<a href="Details.htm#dsp-enhancer">Enhancer 0.17 for 千千静听</a>
</li>
<li>
<a href="Details.htm#dsp-dfx">DFX8 .350 for 千千静听</a>
</li>
<li>
<a href="Details.htm#dsp-octimax">OctiMax 1.51 for 千千静听</a>
</li>
<li>
<a href="Details.htm#dsp-izozone">iZotope Ozone 1.03 for Winamp</a>
</li>
<li>
<a href="Details.htm#dsp-vinyl">iZotope Vinyl 1.0 for Winamp</a>
</li>
<li>
<a href="Details.htm#dsp-dolby">Dolby Prologic Surround Similar 心理学社比环绕</a>
</li>
<li>
<a href="Details.htm#dsp-jammix">Jammix 效果器</a>
</li>
<li>
<a href="Details.htm#dsp-dee">Dee 2.2 for Winamp</a>
</li>
<li>
<a href="Details.htm#dsp-defx">DeFX-0.97 for 千千静听</a>
</li>
<li>
<a href="Details.htm#dsp-equalizer">Equalizer 250 波段均衡器 1.43 for Winamp</a>
</li>
<li>
<a href="Details.htm#dsp-1by1">1by1 压缩和展宽插件 v1.1 for Winamp</a>
</li>
<li>
<a href="Details.htm#dsp-srswow">Goes 3D (SRS WOW) 2.0r for Winamp</a>
</li>
<li>
<a href="Details.htm#dsp-so3d">Virtual Sound for Winamp</a>
</li>
<li>
<a href="Details.htm#dsp-wa3d">Wave Surround for Winamp</a>
</li>
<li>
<a href="Details.htm#dsp-skywalker">Skywalker for Winamp</a>
</li>
<li>
<a href="Details.htm#dsp-crossfeed">Crossfeed for Winamp</a>
</li>
<li>
<a href="Details.htm#dsp-supereq">Super Equalizerfor Winamp</a>
</li>
<li>
<a href="Details.htm#dsp-sps">Nullsoft信号处理工作室</a>
</li>
</ul>
</li>
<li>
<a href="Details.htm#addin-dec">文件播放支持插件</a>
<ul>
<li>
<a href="Details.htm#addin-dec-mp3pro">MP3Pro文件播放支持插件(1.3.0.0)</a>
</li>
<li>
<a href="Details.htm#addin-dec-vqf">VQF文件播放支持插件</a>
</li>
<li>
<a href="Details.htm#addin-dec-wv">WavPack文件播放支持(仅能播放)</a>
</li>
</ul>
</li>
<li>
<a href="Details.htm#addin-enc">编码格式支持插件</a>
<ul>
<li>
<a href="Details.htm#addin-enc-mp3pro">Mp3Pro编码器（Cool Edit Pro2中提取）</a>
</li>
<li>
<a href="Details.htm#addin-enc-aac">Nero AAC 编码插件</a>
</li>
<li>
<a href="Details.htm#addin-enc-exe">命令行编码器所需EXE文件（完整）</a>
</li>
<li>
<a href="Details.htm#addin-enc-wv">WavPack命令行编码器</a>
</li>
</ul>
</li>
<li>
<a href="Details.htm#skins">千千静听皮肤</a>
<ul>
<li>
<a href="Details.htm#skins-top10">10款精选皮肤(推荐)</a>
</li>
<li>
<a href="Details.htm#skins-top15">15款精选获奖皮肤</a>
</li>
</ul>
</li>
<li>
<a href="Details.htm#broadcast">网络电台（5月1日）</a>
</li>
<li>
<a href="Details.htm#icons">千千静听图标资源</a>
<ul>
<li>
<a href="Details.htm#icons-blue">蓝色主题42种音频格式图标</a>
</li>
<li>
<a href="Details.htm#icons-crystal">水晶主题47种音频格式图标</a>
</li>
<li>
<a href="Details.htm#icons-headphone">耳机主题47种音频格式图标</a>
</li>
</ul>
</li>
</ul>
</p>
<p>
<a href="Details.htm">查看详细信息</a>
</p>
<p>
<a name="Downloads">下载</a>
<br/>
<table width="0" border="1" cellpadding="2" cellspacing="0" bordercolor="#3399FF" id="down" style="font-size:12px">
<tr>
<th scope="row">千千静听扩展包 2007</th>
<td>
<center>完整版</center>
</td>
<td>
<font color="#FF0000">(11.4M)</font>
</td>
<td>
<a href="/Down/?TTPlus2007_Full_Setup.exe">
<img src="images/download.jpg" border="0px"/>
</a>
</td>
</tr>
<tr>
<th scope="row">千千静听音效包 2007</th>
<td>
<center>仅含音效插件</center>
</td>
<td>
<font color="#FF0000">(4.57M)</font>
</td>
<td>
<a href="/Down/?TTPlus2007_DSP_Setup.exe">
<img src="images/download.jpg" border="0px"/>
</a>
</td>
</tr>
</table>
</p></content></post>
