<?xml version="1.0" encoding="utf-8"?>
<?xml-stylesheet href="style/month.xsl" type="text/xsl"?>
<month year="2007" month="09"><day day="14"><post id="20070914041120"><title>千千静听音效包2007 测试版 发布</title><datetime year="2007" month="09" day="14" time="04:11:20"/><author>yyfearth</author><category>千千静听扩展包</category><tag>千千静听</tag><tag>TTPlus</tag><tag>扩展包</tag><tag>音效包</tag><summary><p>
<img src="images/TTPDSP.jpg" alt="TTPDSP"/>
</p>
<p>
终于把千千静听扩展包2007的一个版本做出来了，很累啊！
<br/>
这个版本完全可以在Vista下运行，而且这个安装包就是在Vista下制作的。
</p></summary></post></day></month>
