<?xml version="1.0" encoding="utf-8"?>
<?xml-stylesheet href="style/postview.xsl" type="text/xsl"?>
<post id="20080916130151"><title>千千静听皮肤极速合成器 0.8 2008 特别版 发布</title><datetime year="2008" month="09" day="16" time="13:01:51"/><author>yyfearth</author><category>千千静听扩展包</category><tag>千千静听</tag><tag>TTPlus</tag><tag>扩展包</tag><tag>皮肤</tag><tag>合成器</tag><summary><p>
<img src="images/TTPSknExp08.png" alt="TTPSknExp08"/>
</p>
<p>
　　2008 特别版，本来取名 奥运版 计划与2008年8月8号 发布，但是由于多方面的原因没有如期，版本名字为了避免版权问题，改为 特别版。<br/>　　这个版本可以算是一个正式版了，虽然可以说几乎在Beta上没有做太多修改，Beta也是在Alpha3是直接升级的，核心代码也没有发现太多问题，区别是内测到公测，取消了强制用户注册登录，公测到正式，用户可以匿名直接使用。<br/>
　　很感谢大家对这个软件的支持。到此为止，千千静听扩展包及其中的所有内容，包括皮肤合成器、编辑器等我制作的小软件，已经全部停止更新和维护，相关信息其中的缘由我会在我博客中详细说明的。
</p>
<p>
　　千千静听皮肤极速合成器(TTPSknExp)，是一个全自动的千千静听皮肤制作软件。你只需要点击几下鼠标就可以制作出一款属于你自己的千千静听皮肤。内置多套不同风格的精美模板、每套模板又含有多种样式及配色，同时还可以使用图片编辑功能对背景图进行简单快速的编辑，一款漂亮而又个性的皮肤在短短几秒种内就迅速制作完成了。
</p></summary><content><p>
<a name="Downloads" href="/TTPlus/Down.php?id=TTPSknExp">
<img src="images/download.jpg" border="0"/>
</a>
</p>
<p>详细信息</p>
<p>
<img alt="操作界面图" src="/ttplus/image/ttpsknexp/view.jpg" width="100" height="75" onclick="window.open('/ttplus/image/ttpsknexp/view.jpg','newwindow')" title="点击看原图"/>
<img alt="关于界面图" src="/ttplus/image/ttpsknexp/about.png" width="100" height="75" onclick="window.open('/ttplus/image/ttpsknexp/about.png','newwindow')" title="点击看原图"/>
<img alt="菜单界面图" src="/ttplus/image/ttpsknexp/menu.png" width="75" height="75" onclick="window.open('/ttplus/image/ttpsknexp/menu.png','newwindow')" title="点击看原图"/>
<br/>
<img alt="选项界面图1" src="/ttplus/image/ttpsknexp/option1.png" width="50" height="75" onclick="window.open('/ttplus/image/ttpsknexp/option1.png','newwindow')" title="点击看原图"/>
<img alt="选项界面图2" src="/ttplus/image/ttpsknexp/option2.png" width="50" height="75" onclick="window.open('/ttplus/image/ttpsknexp/option2.png','newwindow')" title="点击看原图"/>
<img alt="生成界面图" src="/ttplus/image/ttpsknexp/produce.png" width="50" height="75" onclick="window.open('/ttplus/image/ttpsknexp/produce.png','newwindow')" title="点击看原图"/>
<img alt="注册界面图" src="/ttplus/image/ttpsknexp/regonline.png" width="175" height="75" onclick="window.open('/ttplus/image/ttpsknexp/regonline.png','newwindow')" title="点击看原图"/>
</p></content></post>
