<?xml version="1.0" encoding="utf-8"?>
<?xml-stylesheet href="style/postview.xsl" type="text/xsl"?>
<post id="20080104232101"><title>千千静听皮肤编辑器 1.0 Alpha 发布</title><datetime year="2008" month="01" day="04" time="23:21:01"/><author>yyfearth</author><category>千千静听扩展包</category><tag>千千静听</tag><tag>TTPlus</tag><tag>扩展包</tag><tag>皮肤</tag><tag>编辑器</tag><summary><p>
<img src="images/TTPSknEdt.png" alt="TTPSknEdt"/>
</p>
<div style="color:#FF0066">　　千千静听皮肤编辑器，广大千千静听皮肤制作爱好者的福音！</div>
<div style="color:#3300CC">　　这个软件还是一个半成品，本不打算推出，但是我“广告”已经打出去很久，大家都说我不厚道，没办法个人精力有限，没有按时完成，所以现在就把这个半成品发布出来！</div>
<div style="color:#FF0000">　　注意：因为这个版本还不成熟，可能随时崩溃（但是再次打开时有继续的提示），可能对说编辑的皮肤造成不可恢复的损坏，请大家及时备份皮肤，以免造成损失！否则后果自负。</div></summary><content><p>
千现在做千千静听皮肤的朋友们越来越多了<br/><br/>　　但是制作皮肤的辅助软件缺还是非常少<br/>　　以前网友制作了SkinMaker，但操作不方便，而且生成的代码不能直接使用<br/>　　前段时间我制作了针对菜鸟的
<a href="http://yyfearth.com/html.php/?TTPSknExp.htm" target="_blank">千千静听皮肤合成器</a>
，但不适合皮肤的创作和编辑<br/><br/>　　做过皮肤的朋友们，应该都有一个很头痛的问题，就是确定坐标“position="10,   130, 40,   160"”，很难确定，要反复调整<br/>　　而且又不能立即看到效果，需要打包，改名，放到Skin目录，打开千千静听，换肤……<br/>　　而且这么多，头都大了~！<br/><br/>　　千千静听皮肤编辑器，目前最好的千千静听皮肤制作工具，广大千千静听皮肤制作爱好者的福音！<br/>
<div style="color:#3300CC">
因为现在还是内侧版，所目前基本可以使用了，基本功能还没完成的仅有：文字表签、不支持编辑背景颜色和字体、拖动条不支持bar_image和fill_image的、视觉效果、歌词秀、播放列表，只支持坐标、播放列表滚动条仅仅可以预览<br/>　而且有很多Bug，比较容易崩溃，而且检测更新的部分也没做好，很多功能还不完善，不能达到预期效果。<br/>　所以这个软件还是一个半成品，本不打算推出，但是我“广告”已经打出去很久，大家都说我不厚道，没办法个人精力有限，没有按时完成，所以现在就把这个半成品发布出来！
</div>
<div style="color:#FF0000">注意：因为这个版本还不成熟，可能随时崩溃（但是再次打开时有继续的提示），可能对说编辑的皮肤造成不可恢复的损坏，请大家及时备份皮肤，以免造成损失！否则后果自负。</div>
</p>
<p>
<a name="Downloads" href="/TTPlus/Down.php?id=TTPSknEdt">
<img src="images/download.jpg" border="0"/>
</a>
</p>
<p>详细信息</p>
<p>
<img alt="整体预览" src="/ttplus/image/ttpsknedt/view.png" width="100" height="75" onclick="window.open('/ttplus/image/ttpsknedt/view.png','newwindow')" title="点击看原图"/>
<img alt="对播放器按钮操作" src="/ttplus/image/ttpsknedt/view1.png" width="100" height="75" onclick="window.open('/ttplus/image/ttpsknedt/view1.png','newwindow')" title="点击看原图"/>
<img alt="对播放器窗体操作" src="/ttplus/image/ttpsknedt/view2.png" width="100" height="75" onclick="window.open('/ttplus/image/ttpsknedt/view2.png','newwindow')" title="点击看原图"/>
<img alt="对播放器xml代码操作" src="/ttplus/image/ttpsknedt/view3.png" width="100" height="75" onclick="window.open('/ttplus/image/ttpsknedt/view3.png','newwindow')" title="点击看原图"/>
</p></content></post>
