<?xml version="1.0" encoding="utf-8"?>
<?xml-stylesheet href="style/calendar.xsl" type="text/xsl"?>
<calendar xmlns:xsi="http://www.w3.org/2001/XMLSchema-instance" xsi:noNamespaceSchemaLocation="schema/calendar.xsd"><year year="2009"><month month="09"><day day="09"><post id="20090909141436"><title>基于Xml+Xsl的CMS系统——XmlCMS</title><datetime year="2009" month="09" day="09" time="14:14:36"/><author>Wilson</author><category>网站项目</category><tag>网站</tag><tag>博客系统</tag><tag>Xml</tag><tag>Xsl</tag><tag>CMS</tag><tag>Weblog</tag></post></day></month><month month="03"><day day="29"><post id="20090329182931"><title>yyfearth.com 博客新版本制作中...</title><datetime year="2009" month="03" day="29" time="18:29:31"/><author>Wilson</author><category>网站项目</category><tag>网站</tag><tag>博客系统</tag><tag>Javascript</tag><tag>Ajax</tag><tag>jQuery</tag></post></day></month></year><year year="2008"><month month="09"><day day="16"><post id="20080916130151"><title>千千静听皮肤极速合成器 0.8 2008 特别版 发布</title><datetime year="2008" month="09" day="16" time="13:01:51"/><author>yyfearth</author><category>千千静听扩展包</category><tag>千千静听</tag><tag>TTPlus</tag><tag>扩展包</tag><tag>皮肤</tag><tag>合成器</tag></post></day></month><month month="05"><day day="25"><post id="20080525150115"><title>Java视听同步幻灯片播放器</title><datetime year="2008" month="05" day="25" time="15:01:15"/><author>Wilson</author><category>编程学习</category><tag>Java</tag><tag>学习</tag><tag>播放器</tag></post></day></month><month month="01"><day day="04"><post id="20080104232101"><title>千千静听皮肤编辑器 1.0 Alpha 发布</title><datetime year="2008" month="01" day="04" time="23:21:01"/><author>yyfearth</author><category>千千静听扩展包</category><tag>千千静听</tag><tag>TTPlus</tag><tag>扩展包</tag><tag>皮肤</tag><tag>编辑器</tag></post></day></month></year><year year="2007"><month month="10"><day day="07"><post id="20071007122139"><title>千千静听扩展包 2007 公测版 发布</title><datetime year="2007" month="10" day="07" time="12:21:39"/><author>yyfearth</author><category>千千静听扩展包</category><tag>千千静听</tag><tag>TTPlus</tag><tag>扩展包</tag></post></day></month><month month="09"><day day="14"><post id="20070914041120"><title>千千静听音效包2007 测试版 发布</title><datetime year="2007" month="09" day="14" time="04:11:20"/><author>yyfearth</author><category>千千静听扩展包</category><tag>千千静听</tag><tag>TTPlus</tag><tag>扩展包</tag><tag>音效包</tag></post></day></month><month month="08"><day day="10"><post id="20070810032851"><title>本站正在建站中...</title><datetime year="2007" month="08" day="10" time="03:28:51"/><author>Admin</author><category>默认分类</category></post></day></month></year></calendar>
