[{"id":1001,"desc":"Carlsbad","hours":"Sunday-Wednesday 11am-9:30pm\nThursday-Saturday 11am-10pm","addr":"1923 Calle Barcelona","city":"Carlsbad","state":"CA","zip":"92009","phone":"###-###-####","email":"carlsbad@xxxxxxxxxx.com"},{"id":1002,"desc":"Corte Madera","hours":"Monday-Thursday 11am-9pm\nFriday-Saturday 11am-10pm\nSunday 11:30am-9pm","addr":"201 Corte Madera Town Center","city":"Corte Madera","state":"CA","zip":"94925","phone":"###-###-####","email":"cortemadera@xxxxxxxxxx.com"},{"id":1003,"desc":"El Segundo","hours":"Monday-Thursday 11am-10pm\nFriday-Saturday 11am-11pm\nSunday 11:30am-10pm","addr":"700-A Allied Way","city":"El Segundo","state":"CA","zip":"90245","phone":"###-###-####","email":"elsegundo@xxxxxxxxxx.com"},{"id":1004,"desc":"Hermosa Beach","hours":"Monday-Sunday 11am-10pm","addr":"719 Pier Avenue","city":"Hermosa Beach","state":"CA","zip":"90254","phone":"###-###-####","email":"hermosabeach@xxxxxxxxxx.com"},{"id":1005,"desc":"Irvine","hours":"Sunday-Thursday 11am-9pm\nFriday-Saturday 11am-10pm","addr":"Woodbury Town Center\n6416 Irvine Boulevard","city":"Irvine","state":"CA","zip":"92620","phone":"###-###-####","email":"irvine@xxxxxxxxxx.com"},{"id":1006,"desc":"Century City","hours":"Monday-Saturday 11am-10pm\nSunday 11:30am-9pm","addr":"Westfield Century City\n10250 Santa Monica Boulevard","city":"Los Aangelas","state":"CA","zip":"90067","phone":"###-###-####","email":"centurycity@xxxxxxxxxx.com"},{"id":1007,"desc":"Miracle Mile","hours":"Monday-Thursday 11am-11pm\nFriday-Saturday 11am-12midnight\nSunday 11am-10pm","addr":"5779 Wilshire Boulevard","city":"Los Aangelas","state":"CA","zip":"90036","phone":"###-###-####","email":"miraclemile@xxxxxxxxxx.com"},{"id":1008,"desc":"Sunset Blvd","hours":"Monday-Saturday 11am-11pm\nSunday 11am-10pm","addr":"7919 Sunset Boulevard","city":"Los Aangelas","state":"CA","zip":"90046","phone":"###-###-####","email":"westhollywood@xxxxxxxxxx.com"},{"id":1009,"desc":"Marina del Rey","hours":"Monday-Saturday 11am-10pm\nSunday 11:30am-9pm","addr":"4786 Admiralty Way","city":" Marina del Rey ","state":"CA","zip":"90292","phone":"###-###-####","email":"marinadelray@xxxxxxxxxx.com"},{"id":1010,"desc":"Newport Beach","hours":"Sunday-Thursday 11am-10pm\nFriday and Saturday 11am-11pm","addr":"Westcliff Plaza\n1104 Irvine Avenue","city":"Newport Beach","state":"CA","zip":"92660","phone":"###-###-####","email":"newportbeach@xxxxxxxxxx.com"},{"id":1011,"desc":"Palo Alto","hours":"Monday-Thursday 11am-10pm\nFriday-Saturday 11am-11pm\nSunday 11:30am-9pm","addr":"369 South California Avenue","city":"Palo Alto","state":"CA","zip":"94306","phone":"###-###-####","email":"paloalto@xxxxxxxxxx.com"},{"id":1012,"desc":"Pasadena","hours":"Sunday-Thursday 11am-10pm\nFriday-Saturday 11am-11pm","addr":"140 Shoppers Lane","city":"Pasadena","state":"CA","zip":"91101","phone":"###-###-####","email":"pasadena@xxxxxxxxxx.com"},{"id":1013,"desc":"Roseville","hours":"Monday-Thursday 11am-9pm\nFriday-Saturday 11am-10pm\nSunday 11am-9pm","addr":"1005 Galleria Boulevard Suite 150","city":"Roseville","state":"CA","zip":"95678","phone":"###-###-####","email":"roseville@xxxxxxxxxx.com"},{"id":1014,"desc":"Del Mar","hours":"Monday-Thursday 11am-10pm\nFriday-Saturday 11am-11pm\nSunday 11am-9:30pm","addr":"Del Mar Highlands Town Center\n12873 El Camino Real Suite M4","city":"San Diego","state":"CA","zip":"92130","phone":"###-###-####","email":"delmar@xxxxxxxxxx.com"},{"id":1015,"desc":"Santana Row","hours":"Monday-Thursday 11am-10pm\nFriday-Saturday 11am-12am\nSunday 11:30am-9pm","addr":"3055 Olin Avenue Suite 1035","city":"San Jose","state":"CA","zip":"95128","phone":"###-###-####","email":"santanarow@xxxxxxxxxx.com"},{"id":1016,"desc":"San Mateo","hours":"Monday-Thursday 11am-10pm\nFriday-Saturday 11am-11pm\nSunday 11:30am-9pm","addr":"41 West Hillsdale Blvd","city":"San Mateo","state":"CA","zip":"94403","phone":"###-###-####","email":"sanmateo@xxxxxxxxxx.com"},{"id":1017,"desc":"Santa Monica","hours":"Monday-Saturday 11am-10pm\nSunday 11:30am-9pm","addr":"2901 Ocean Park Boulevard","city":"Santa Monica","state":"CA","zip":"90405","phone":"###-###-####","email":"santamonica@xxxxxxxxxx.com"},{"id":1018,"desc":"Studio City","hours":"Sunday-Thursday 11am-10pm\nFriday-Saturday 11am-11pm","addr":"12117 Ventura Boulevard","city":"Studio City","state":"CA","zip":"91604","phone":"###-###-####","email":"studiocity@xxxxxxxxxx.com"},{"id":1019,"desc":"Toluca Lake","hours":"Sunday-Thursday 11am-10pm\nFriday-Saturday 11am-11pm","addr":"10123 Riverside Drive, Suite A","city":"North Hollywood ","state":"CA","zip":"91602","phone":"###-###-####","email":"tolucalake@xxxxxxxxxx.com"},{"id":1020,"desc":"Torrance","hours":"Sunday-Thursday 11am-10pm\nFriday-Saturday 11am-11pm","addr":"21209-B Hawthorne Blvd.","city":"Torrance","state":"CA","zip":"90503","phone":"###-###-####","email":"torrance@xxxxxxxxxx.com"},{"id":1021,"desc":"Walnut Creek","hours":"Monday-Thursday 11am-9pm\nFriday-Saturday 11am-10pm\nSunday 11:30am-9pm","addr":"1699 North California Boulevard","city":"Walnut Creek","state":"CA","zip":"94596","phone":"###-###-####","email":"walnutcreek@xxxxxxxxxx.com"},{"id":1022,"desc":"Westlake Village","hours":"Monday-Saturday 11am-9pm\nSunday 11am-9pm","addr":"30990 Russell Ranch Road","city":"Westlake Village","state":"CA","zip":"91362","phone":"###-###-####","email":"westlake@xxxxxxxxxx.com"},{"id":1023,"desc":"West Hartford","hours":"Monday-Thursday 11am-10pm\nFriday-Saturday 11am-11pm\nSunday 11:30am-9pm","addr":"50 Memorial Road","city":"West Hartford","state":"CT","zip":"06107","phone":"###-###-####","email":"westwartford@xxxxxxxxxx.com"},{"id":1024,"desc":"Miami Airport","hours":"Monday-Friday 6am-11pm\nSaturday-Sunday 6am-11pm","addr":"Miami International Airport\nTerminal D Gates 32-33\n4250 NW 20th Street Bldg 3074","city":"Miami","state":"FL","zip":"33126","phone":"###-###-####","email":"miamiairport@xxxxxxxxxx.com"},{"id":1025,"desc":"Roswell","hours":"Sunday-Thursday 11am-9pm\nFriday-Saturday 11am-10pm","addr":"850 Mansell Road","city":"Roswell","state":"GA","zip":"30076","phone":"###-###-####","email":"roswell@xxxxxxxxxx.com"},{"id":1026,"desc":"Kahala","hours":"Sunday-Thursday 11am-9pm\nFriday-Saturday 11am-10pm","addr":"4211 Waialae Avenue E-1","city":"Honolulu","state":"HI","zip":"96816","phone":"###-###-####","email":"kahala@xxxxxxxxxx.com"},{"id":1027,"desc":"Lincoln Park","hours":"Sunday-Thursday 11am-10pm\nFriday-Saturday 11am-11pm","addr":"666 W Diversey Parkway","city":"Chicago","state":"IL","zip":"60614","phone":"###-###-####","email":"lincolnpark@xxxxxxxxxx.com"},{"id":1028,"desc":"Times Square","hours":"Sunday-Wednesday 11am-11pm\nThursday-Saturday 11am-1am","addr":"7 Times Square  (41st & Broadway)","city":"New York","state":"NY","zip":"10036","phone":"###-###-####","email":"timesquare@xxxxxxxxxx.com"},{"id":1029,"desc":"Houston","hours":"Sunday-Thursday 11am-10pm\nFriday and Saturday 11am-11pm","addr":"4601 Washington Avenue","city":"Houston","state":"TX","zip":"77007","phone":"###-###-####","email":"houston@xxxxxxxxxx.com"},{"id":1030,"desc":"The Woodlands","hours":"Sunday-Thursday 11am-10pm\nFriday and Saturday 11am-11pm","addr":"9595 Six Pines Dr., Suite 1000","city":"The Woodlands","state":"TX","zip":"77380","phone":"###-###-####","email":"thewoodlands@xxxxxxxxxx.com"},{"id":1031,"desc":"Reston","hours":"Monday-Thursday 11am-10pm\nFriday-Saturday 11am-11pm\nSunday 11am-9pm","addr":"11922 Democracy Drive","city":"Reston","state":"VA","zip":"20190","phone":"###-###-####","email":"reston@xxxxxxxxxx.com"},{"id":1032,"desc":"Ballard","hours":"Sunday-Thursday 11am-9pm\nFriday-Saturday 11am-10pm","addr":"4609 14th Ave NW","city":"Seattle","state":"WA","zip":"98107","phone":"###-###-####","email":"ballard@xxxxxxxxxx.com"},{"id":1033,"desc":"Dundrum","hours":"Monday-Thursday 12:30pm-9pm\nFriday-Saturday 12pm-10pm\nSunday 12pm-9pm","addr":"Dundrum Town Centre\nPembroke District (outdoors underneath Hamley's)\nDundrum Dublin 16","city":"Dublin","state":"Ireland","phone":"01-2164 929","email":"dundrum@xxxxxxxxxx.com"},{"id":1034,"desc":"Suffolk Street","hours":"Monday-Thursday 12pm-10:30pm\nFriday-Saturday 12pm-12am\nSunday 12pm-9:30pm","addr":"20 Suffolk Street\nDublin 2","city":"Dublin","state":"Ireland","phone":"01-611 1689","email":"suffolkstreet@xxxxxxxxxx.com"}]
