{"id":1029,"desc":"Houston","hours":"Sunday-Thursday 11am-10pm\nFriday and Saturday 11am-11pm","addr":"4601 Washington Avenue","city":"Houston","state":"TX","zip":"77007","country":"United States","phone":"###-###-####","email":"houston@xxxxxxxxxx.com","tax_rate":0.0825,"free_bowl_weight":null,"types":[{"id":1,"desc":"Meat"},{"id":2,"desc":"Weight"},{"free":1,"price":1,"id":3,"desc":"Cheese"},{"free":4,"price":0.5,"id":4,"desc":"Toppings"},{"free":0,"price":1,"id":5,"desc":"Premium Toppings"},{"free":1,"price":0.5,"id":6,"desc":"Sauce"},{"id":7,"desc":"Bun"},{"free":0,"price":1,"id":8,"desc":"Bowl"}],"weights":[{"price":8.5,"id":1,"desc":"1/3 lb","popularity":0},{"price":10.5,"id":2,"desc":"2/3 lb","popularity":0},{"price":13.5,"id":3,"desc":"1 lb","popularity":0}],"choices":[{"type":1,"id":4,"desc":"Beef","popularity":0},{"type":1,"id":5,"desc":"Chicken","popularity":0},{"type":1,"id":6,"desc":"Turkey","popularity":0},{"type":1,"id":7,"desc":"Veggie","popularity":0},{"type":1,"id":8,"desc":"Market Selection MP","popularity":0},{"type":7,"id":9,"desc":"Hamburger Bun","popularity":0},{"type":7,"id":10,"desc":"Multigran Bun","popularity":0},{"type":7,"id":12,"desc":"English Muffin","popularity":0},{"type":7,"id":14,"desc":"Onion Bun","popularity":0},{"type":7,"id":18,"desc":"Market Selection MP","popularity":0},{"type":8,"id":19,"desc":"Lettuce Blend","popularity":0},{"type":8,"id":20,"desc":"Organic Mixed Greens","popularity":0},{"type":3,"id":23,"desc":"Danish Blue Cheese","popularity":0},{"type":3,"id":24,"desc":"Greek Feta","popularity":0},{"type":3,"id":25,"desc":"Gruyère","popularity":0},{"type":3,"id":26,"desc":"Herb Goat Cheese Spread ","popularity":0},{"type":3,"id":27,"desc":"Horseradish Cheddar","popularity":0},{"type":3,"id":28,"desc":"Imported Swiss","popularity":0},{"type":3,"id":29,"desc":"Jalapeño Jack","popularity":0},{"type":3,"id":30,"desc":"Sharp Provolone","popularity":0},{"type":3,"id":31,"desc":"Soft Ripened Brie","popularity":0},{"type":3,"id":32,"desc":"Tillamook Cheddar","popularity":0},{"type":3,"id":33,"desc":"Yellow American","popularity":0},{"type":3,"id":34,"desc":"Market Selection MP","popularity":0},{"type":4,"id":41,"desc":"Bermuda Red Onion","popularity":0},{"type":4,"id":42,"desc":"Black Olives","popularity":0},{"type":4,"id":43,"desc":"Carrot Strings ","popularity":0},{"type":4,"id":44,"desc":"Coleslaw","popularity":0},{"type":4,"id":45,"desc":"Dill Pickle Chips","popularity":0},{"type":4,"id":46,"desc":"Dried Cranberries","popularity":0},{"type":4,"id":47,"desc":"Grilled Onions","popularity":0},{"type":4,"id":48,"desc":"Grilled Pineapple","popularity":0},{"type":4,"id":49,"desc":"Hard Boiled Eggs","popularity":0},{"type":4,"id":50,"desc":"Jalapeños","popularity":0},{"type":4,"id":51,"desc":"Lettuce Blend","popularity":0},{"type":4,"id":52,"desc":"Organic Mixed Greens","popularity":0},{"type":4,"id":53,"desc":"Roasted Green Chiles","popularity":0},{"type":4,"id":54,"desc":"Roasted Corn & Black Bean Salsa","popularity":0},{"type":4,"id":55,"desc":"Roasted Red Peppers","popularity":0},{"type":4,"id":56,"desc":"Scallions","popularity":0},{"type":4,"id":57,"desc":"Sliced Cucumbers","popularity":0},{"type":4,"id":58,"desc":"Spicy Pepperoncinis","popularity":0},{"type":4,"id":59,"desc":"Sprouts","popularity":0},{"type":4,"id":60,"desc":"Tomatoes","popularity":0},{"type":4,"id":61,"desc":"Market Selection MP","popularity":0},{"type":5,"id":67,"desc":"Applewood Smoked Bacon","popularity":0},{"type":5,"id":68,"desc":"Avocado","popularity":0},{"type":5,"id":69,"desc":"Black Forest Ham","popularity":0},{"type":5,"id":70,"desc":"Chili","popularity":0},{"type":5,"id":71,"desc":"Fried Egg","popularity":0},{"type":5,"id":72,"desc":"Fried Onion String","popularity":0},{"type":5,"id":73,"desc":"Housemade Guacamole","popularity":0},{"type":5,"id":74,"desc":"Sautéed Mushrooms ","popularity":0},{"type":5,"id":75,"desc":"Sun-Dried Tomatoes","popularity":0},{"type":6,"id":77,"desc":"Apricot Sauce","popularity":0},{"type":6,"id":78,"desc":"Basil Pesto","popularity":0},{"type":6,"id":79,"desc":"Chipotle Aioli","popularity":0},{"type":6,"id":80,"desc":"Classic Caesar","popularity":0},{"type":6,"id":81,"desc":"Country Buttermilk Ranch","popularity":0},{"type":6,"id":82,"desc":"Dijon Balsamic Dressing","popularity":0},{"type":6,"id":83,"desc":"Ginger Soy Glaze","popularity":0},{"type":6,"id":84,"desc":"Honey Mustard","popularity":0},{"type":6,"id":85,"desc":"Horseradish Mayo","popularity":0},{"type":6,"id":86,"desc":"Hot Wing Sauce","popularity":0},{"type":6,"id":87,"desc":"Mayonnaise","popularity":0},{"type":6,"id":88,"desc":"Peanut Sauce","popularity":0},{"type":6,"id":89,"desc":"Red Relish","popularity":0},{"type":6,"id":90,"desc":"Roasted Garlic Aioli","popularity":0},{"type":6,"id":91,"desc":"Russian Dressing","popularity":0},{"type":6,"id":92,"desc":"Spicy Sour Cream","popularity":0},{"type":6,"id":93,"desc":"Steak Sauce","popularity":0},{"type":6,"id":94,"desc":"Sun-Dried Tomato Vinaigrette","popularity":0},{"type":6,"id":95,"desc":"Sweet BBQ Sauce","popularity":0},{"type":6,"id":96,"desc":"Tzatziki Sauce","popularity":0},{"type":6,"id":97,"desc":"Market Selection MP","popularity":0}]}
