{"id":1034,"desc":"Suffolk Street","hours":"Monday-Thursday 12pm-10:30pm\nFriday-Saturday 12pm-12am\nSunday 12pm-9:30pm","addr":"20 Suffolk Street\nDublin 2","city":"Dublin","state":"Ireland","zip":"","country":"Ireland","phone":"01-611 1689","email":"suffolkstreet@xxxxxxxxxx.com","tax_rate":0,"free_bowl_weight":null,"types":[{"id":1,"desc":"Meat"},{"id":2,"desc":"Weight"},{"free":1,"price":1,"id":3,"desc":"Cheese"},{"free":4,"price":1,"id":4,"desc":"Toppings"},{"free":0,"price":0.5,"id":5,"desc":"Premium Toppings"},{"free":1,"price":1,"id":6,"desc":"Sauce"},{"id":7,"desc":"Bun"},{"free":0,"price":1,"id":8,"desc":"Bowl"}],"weights":[{"price":9.95,"id":1,"desc":"1/3 lb","popularity":0},{"price":12.45,"id":2,"desc":"2/3 lb","popularity":0},{"price":14.95,"id":3,"desc":"1 lb","popularity":0}],"choices":[{"type":1,"id":4,"desc":"Beef","popularity":0},{"type":1,"id":5,"desc":"Chicken","popularity":0},{"type":1,"id":6,"desc":"Turkey","popularity":0},{"type":1,"id":7,"desc":"Veggie","popularity":0},{"type":1,"id":8,"desc":"Market Selection MP","popularity":0},{"type":7,"id":9,"desc":"Hamburger Bun","popularity":0},{"type":7,"id":12,"desc":"English Muffin","popularity":0},{"type":7,"id":15,"desc":"Honey Wheat Bun","popularity":0},{"type":7,"id":18,"desc":"Market Selection MP","popularity":0},{"type":8,"id":19,"desc":"Lettuce Blend","popularity":0},{"type":3,"id":24,"desc":"Greek Feta","popularity":0},{"type":3,"id":25,"desc":"Gruyère","popularity":0},{"type":3,"id":26,"desc":"Herb Goat Cheese Spread ","popularity":0},{"type":3,"id":30,"desc":"Sharp Provolone","popularity":0},{"type":3,"id":31,"desc":"Soft Ripened Brie","popularity":0},{"type":3,"id":33,"desc":"Yellow American","popularity":0},{"type":3,"id":34,"desc":"Market Selection MP","popularity":0},{"type":3,"id":36,"desc":"Cashel Blue Cheese","popularity":0},{"type":3,"id":37,"desc":"Irish Aged Cheddar","popularity":0},{"type":3,"id":38,"desc":"Irish Red Cheddar","popularity":0},{"type":3,"id":39,"desc":"Monterey Jack","popularity":0},{"type":3,"id":40,"desc":"Ementhal","popularity":0},{"type":4,"id":41,"desc":"Bermuda Red Onion","popularity":0},{"type":4,"id":42,"desc":"Black Olives","popularity":0},{"type":4,"id":43,"desc":"Carrot Strings ","popularity":0},{"type":4,"id":44,"desc":"Coleslaw","popularity":0},{"type":4,"id":45,"desc":"Dill Pickle Chips","popularity":0},{"type":4,"id":46,"desc":"Dried Cranberries","popularity":0},{"type":4,"id":47,"desc":"Grilled Onions","popularity":0},{"type":4,"id":48,"desc":"Grilled Pineapple","popularity":0},{"type":4,"id":49,"desc":"Hard Boiled Eggs","popularity":0},{"type":4,"id":50,"desc":"Jalapeños","popularity":0},{"type":4,"id":51,"desc":"Lettuce Blend","popularity":0},{"type":4,"id":53,"desc":"Roasted Green Chiles","popularity":0},{"type":4,"id":54,"desc":"Roasted Corn & Black Bean Salsa","popularity":0},{"type":4,"id":55,"desc":"Roasted Red Peppers","popularity":0},{"type":4,"id":56,"desc":"Scallions","popularity":0},{"type":4,"id":57,"desc":"Sliced Cucumbers","popularity":0},{"type":4,"id":58,"desc":"Spicy Pepperoncinis","popularity":0},{"type":4,"id":60,"desc":"Tomatoes","popularity":0},{"type":4,"id":61,"desc":"Market Selection MP","popularity":0},{"type":4,"id":64,"desc":"Bean Sprouts","popularity":0},{"type":4,"id":65,"desc":"Beat Root","popularity":0},{"type":4,"id":66,"desc":"Mixed Baby Greens","popularity":0},{"type":5,"id":68,"desc":"Avocado","popularity":0},{"type":5,"id":69,"desc":"Black Forest Ham","popularity":0},{"type":5,"id":70,"desc":"Chili","popularity":0},{"type":5,"id":71,"desc":"Fried Egg","popularity":0},{"type":5,"id":72,"desc":"Fried Onion String","popularity":0},{"type":5,"id":73,"desc":"Housemade Guacamole","popularity":0},{"type":5,"id":74,"desc":"Sautéed Mushrooms ","popularity":0},{"type":5,"id":75,"desc":"Sun-Dried Tomatoes","popularity":0},{"type":5,"id":76,"desc":"Smoked Bacon","popularity":0},{"type":6,"id":77,"desc":"Apricot Sauce","popularity":0},{"type":6,"id":78,"desc":"Basil Pesto","popularity":0},{"type":6,"id":79,"desc":"Chipotle Aioli","popularity":0},{"type":6,"id":81,"desc":"Country Buttermilk Ranch","popularity":0},{"type":6,"id":82,"desc":"Dijon Balsamic Dressing","popularity":0},{"type":6,"id":83,"desc":"Ginger Soy Glaze","popularity":0},{"type":6,"id":84,"desc":"Honey Mustard","popularity":0},{"type":6,"id":85,"desc":"Horseradish Mayo","popularity":0},{"type":6,"id":86,"desc":"Hot Wing Sauce","popularity":0},{"type":6,"id":87,"desc":"Mayonnaise","popularity":0},{"type":6,"id":88,"desc":"Peanut Sauce","popularity":0},{"type":6,"id":89,"desc":"Red Relish","popularity":0},{"type":6,"id":90,"desc":"Roasted Garlic Aioli","popularity":0},{"type":6,"id":91,"desc":"Russian Dressing","popularity":0},{"type":6,"id":92,"desc":"Spicy Sour Cream","popularity":0},{"type":6,"id":94,"desc":"Sun-Dried Tomato Vinaigrette","popularity":0},{"type":6,"id":95,"desc":"Sweet BBQ Sauce","popularity":0},{"type":6,"id":97,"desc":"Market Selection MP","popularity":0},{"type":6,"id":103,"desc":"Cucumber Yoghurt","popularity":0},{"type":6,"id":104,"desc":"Moroccan Orange","popularity":0},{"type":6,"id":105,"desc":"Peppercorn Sauce","popularity":0},{"type":6,"id":106,"desc":"Southwest Caesar","popularity":0},{"type":6,"id":107,"desc":"Thai Sweet Chili","popularity":0}]}
